pokemon_name,pokemon_id,evolution_criteria
Bulbasaur,1,"It evolves into Ivysaur starting at level 16, which evolves into Venusaur starting at level 32."
Ivysaur,2,It evolves from Bulbasaur starting at level 16 and evolves into Venusaur starting at level 32.
Venusaur,3,It evolves from Ivysaur starting at level 32. It is the final form of Bulbasaur.
Charmander,4,"It evolves into Charmeleon starting at level 16, which evolves into Charizard starting at level 36."
Charmeleon,5,It evolves from Charmander starting at level 16 and evolves into Charizard starting at level 36.
Charizard,6,It evolves from Charmeleon starting at level 36. It is the final form of Charmander.
Squirtle,7,"It evolves into Wartortle starting at level 16, which evolves into Blastoise starting at level 36."
Wartortle,8,It evolves from Squirtle starting at level 16 and evolves into Blastoise starting at level 36.
Blastoise,9,It evolves from Wartortle starting at level 36. It is the final form of Squirtle.
Caterpie,10,"It evolves into Metapod starting at level 7, which evolves into Butterfree starting at level 10."
Metapod,11,It evolves from Caterpie starting at level 7 and evolves into Butterfree starting at level 10.
Butterfree,12,It evolves from Metapod starting at level 10. It is the final form of Caterpie.
Weedle,13,"It evolves into Kakuna starting at level 7, which evolves into Beedrill starting at level 10."
Kakuna,14,It evolves from Weedle starting at level 7 and evolves into Beedrill starting at level 10.
Beedrill,15,It evolves from Kakuna starting at level 10. It is the final form of Weedle.
Pidgey,16,"It evolves into Pidgeotto starting at level 18, which evolves into Pidgeot starting at level 36."
Pidgeotto,17,It evolves from Pidgey starting at level 18 and evolves into Pidgeot starting at level 36.
Pidgeot,18,It evolves from Pidgeotto starting at level 36. It is the final form of Pidgey.
Rattata,19,It evolves into Raticate starting at level 20.
Raticate,20,It evolves from Rattata starting at level 20.
Spearow,21,It evolves into Fearow starting at level 20.
Fearow,22,It evolves from Spearow starting at level 20.
Ekans,23,It evolves into Arbok starting at level 22.
Arbok,24,It evolves from Ekans starting at level 22.
Pikachu,25,It evolves from Pichu when leveled up with high friendship and evolves into Raichu when exposed to a Thunder Stone.
Raichu,26,It evolves from Pikachu when exposed to a Thunder Stone. It is the final form of Pichu.
Sandshrew,27,It evolves into Sandslash starting at level 22.
Sandslash,28,It evolves from Sandshrew starting at level 22.
Not found,29,Double check website
Nidorina,30,It evolves from Nidoran♀ starting at level 16 and evolves into Nidoqueen when exposed to a Moon Stone.
Nidoqueen,31,It evolves from Nidorina when exposed to a Moon Stone. It is the final form of Nidoran♀.
Not found,32,Double check website
Nidorino,33,It evolves from Nidoran♂ starting at level 16 and evolves into Nidoking when exposed to a Moon Stone.
Nidoking,34,It evolves from Nidorino when exposed to a Moon Stone. It is the final form of Nidoran♂.
Clefairy,35,It evolves from Cleffa when leveled up with high friendship and evolves into Clefable when exposed to a Moon Stone.
Clefable,36,It evolves from Clefairy when exposed to a Moon Stone. It is the final form of Cleffa.
Vulpix,37,It evolves into Ninetales when exposed to a Fire Stone.
Ninetales,38,It evolves from Vulpix when exposed to a Fire Stone.
Jigglypuff,39,It evolves from Igglybuff when leveled up with high friendship and evolves into Wigglytuff when exposed to a Moon Stone.
Wigglytuff,40,It evolves from Jigglypuff when exposed to a Moon Stone. It is the final form of Igglybuff.
Zubat,41,"It evolves into Golbat starting at level 22, which evolves into Crobat when leveled up with high friendship."
Golbat,42,It evolves from Zubat starting at level 22 and evolves into Crobat when leveled up with high friendship.
Oddish,43,"It evolves into Gloom starting at level 21, which evolves into Vileplume when exposed to a Leaf Stone or into Bellossom when exposed to a Sun Stone."
Gloom,44,It evolves from Oddish at level 21 and evolves into either Vileplume when exposed to a Leaf Stone or Bellossom when exposed to a Sun Stone.
Vileplume,45,"It evolves from Gloom when exposed to a Leaf Stone. It is one of Oddish's final forms, the other being Bellossom."
Paras,46,It evolves into Parasect starting at level 24.
Parasect,47,It evolves from Paras starting at level 24.
Venonat,48,It evolves into Venomoth starting at level 31.
Venomoth,49,It evolves from Venonat starting at level 31.
Diglett,50,It evolves into Dugtrio starting at level 26.
Dugtrio,51,It evolves from Diglett starting at level 26.
Meowth,52,It evolves into Persian starting at level 28.
Persian,53,It evolves from Meowth starting at level 28.
Psyduck,54,It evolves into Golduck starting at level 33.
Golduck,55,It evolves from Psyduck starting at level 33.
Mankey,56,It evolves into Primeape starting at level 28.
Primeape,57,It evolves from Mankey starting at level 28.
Growlithe,58,It evolves into Arcanine when exposed to a Fire Stone.
Arcanine,59,It evolves from Growlithe when exposed to a Fire Stone.
Poliwag,60,"It evolves into Poliwhirl starting at level 25, which evolves into Poliwrath when exposed to a Water Stone or into Politoed when traded while holding a King's Rock."
Poliwhirl,61,It evolves from Poliwag starting at level 25. It evolves into Poliwrath when exposed to a Water Stone or Politoed when traded while holding a King's Rock.
Poliwrath,62,"It evolves from Poliwhirl when exposed to a Water Stone. It is one of Poliwag's final forms, the other being Politoed."
Abra,63,"It evolves into Kadabra starting at level 16, which evolves into Alakazam when traded, or when exposed to a Linking Cord (Pokémon Legends: Arceus)."
Kadabra,64,"It evolves from Abra starting at level 16 and evolves into Alakazam when traded, or when exposed to a Linking Cord (Pokémon Legends: Arceus)."
Alakazam,65,"It evolves from Kadabra when traded, or when exposed to a Linking Cord (Pokémon Legends: Arceus). It is the final form of Abra."
Machop,66,"It evolves into Machoke starting at level 28, which evolves into Machamp when traded or when exposed to a Linking Cord (Pokémon Legends: Arceus)."
Machoke,67,"It evolves from Machop starting at level 28 and evolves into Machamp when traded, or when exposed to a Linking Cord (Pokémon Legends: Arceus)."
Machamp,68,"It evolves from Machoke when traded, or when exposed to a Linking Cord (Pokémon Legends: Arceus). It is the final form of Machop."
Bellsprout,69,"It evolves into Weepinbell starting at level 21, which evolves into Victreebel when exposed to a Leaf Stone."
Weepinbell,70,It evolves from Bellsprout starting at level 21 and evolves into Victreebel when exposed to a Leaf Stone.
Victreebel,71,It evolves from Weepinbell when exposed to a Leaf Stone. It is the final form of Bellsprout.
Tentacool,72,It evolves into Tentacruel starting at level 30.
Tentacruel,73,It evolves from Tentacool starting at level 30.
Geodude,74,"It evolves into Graveler starting at level 25, which evolves into Golem when traded or when exposed to a Linking Cord (Pokémon Legends: Arceus)."
Graveler,75,"It evolves from Geodude starting at level 25 and evolves into Golem when traded, or when exposed to a Linking Cord (Pokémon Legends: Arceus)."
Golem,76,"It evolves from Graveler when traded, or when exposed to a Linking Cord (Pokémon Legends: Arceus). It is the final form of Geodude."
Ponyta,77,It evolves into Rapidash starting at level 40.
Rapidash,78,It evolves from Ponyta starting at level 40.
Slowpoke,79,It evolves into Slowbro starting at level 37 or Slowking when traded while holding a King's Rock.
Slowbro,80,"It evolves from Slowpoke starting at level 37. It is one of Slowpoke's final forms, the other being Slowking."
Magnemite,81,"It evolves into Magneton starting at level 30, which evolves into Magnezone when leveled up in a special magnetic field (Generations IV to VII), when exposed to a Thunder Stone (Pokémon Sword and Shield), or through either method (Brilliant Diamond and Shining Pearl, Pokémon Legends: Arceus)."
Magneton,82,"It evolves from Magnemite starting at level 30 and evolves into Magnezone when leveled up in a special magnetic field (Generations IV to VII), when exposed to a Thunder Stone (Sword and Shield), or through either method (Brilliant Diamond and Shining Pearl, Pokémon Legends: Arceus)."
Not found,83,Double check website
Doduo,84,It evolves into Dodrio starting at level 31.
Dodrio,85,It evolves from Doduo starting at level 31.
Seel,86,It evolves into Dewgong starting at level 34.
Dewgong,87,It evolves from Seel starting at level 34.
Grimer,88,It evolves into Muk starting at level 38.
Muk,89,It evolves from Grimer starting at level 38.
Shellder,90,It evolves into Cloyster when exposed to a Water Stone.
Cloyster,91,It evolves from Shellder when exposed to a Water Stone.
Gastly,92,"It evolves into Haunter starting at level 25, which evolves into Gengar when traded, or when exposed to a Linking Cord (Pokémon Legends: Arceus)."
Haunter,93,"It evolves from Gastly starting at level 25 and evolves into Gengar when traded, or when exposed to a Linking Cord (Pokémon Legends: Arceus)."
Gengar,94,"It evolves from Haunter when traded, or when exposed to a Linking Cord (Pokémon Legends: Arceus). It is the final form of Gastly."
Onix,95,"It evolves into Steelix when traded while holding a Metal Coat (from Generations II to VII, Sword and Shield, and Brilliant Diamond and Shining Pearl) or when exposed to a Metal Coat (Pokémon Legends: Arceus)."
Drowzee,96,It evolves into Hypno starting at level 26.
Hypno,97,It evolves from Drowzee starting at level 26.
Krabby,98,It evolves into Kingler starting at level 28.
Kingler,99,It evolves from Krabby starting at level 28.
Voltorb,100,It evolves into Electrode starting at level 30.
Electrode,101,It evolves from Voltorb starting at level 30.
Exeggcute,102,It evolves into Exeggutor when exposed to a Leaf Stone.
Exeggutor,103,It evolves from Exeggcute when exposed to a Leaf Stone.
Cubone,104,It evolves into Marowak starting at level 28.
Marowak,105,It evolves from Cubone starting at level 28.
Hitmonlee,106,"It evolves from Tyrogue starting at level 20 when Tyrogue's Attack is higher than its Defense. It is one of Tyrogue's final forms, the others being Hitmonchan and Hitmontop."
Hitmonchan,107,"It evolves from Tyrogue starting at level 20 when Tyrogue's Defense is higher than its Attack. It is one of Tyrogue's final forms, the others being Hitmonlee and Hitmontop."
Lickitung,108,It evolves into Lickilicky when leveled up while knowing Rollout.
Koffing,109,It evolves into Weezing starting at level 35.
Weezing,110,It evolves from Koffing starting at level 35.
Rhyhorn,111,"It evolves into Rhydon starting at level 42, which evolves into Rhyperior when traded while holding a Protector (from Generations IV to VII, Sword and Shield, and Brilliant Diamond and Shining Pearl) or when exposed to a Protector (Legends: Arceus)."
Rhydon,112,"It evolves from Rhyhorn starting at level 42 and evolves into Rhyperior when traded while holding a Protector (from Generations IV to VII, Sword and Shield, and Brilliant Diamond and Shining Pearl) or when exposed to a Protector (Legends: Arceus)."
Chansey,113,"It evolves from Happiny when leveled up holding an Oval Stone during the day (from Generations IV to VII, Sword and Shield, and Brilliant Diamond and Shining Pearl) or when exposed to an Oval Stone (Legends: Arceus), and evolves into Blissey when leveled up with high friendship."
Tangela,114,It evolves into Tangrowth when leveled up while knowing Ancient Power.
Kangaskhan,115,"While it is not known to evolve into or from any other Pokémon, Kangaskhan can Mega Evolve into Mega Kangaskhan using the Kangaskhanite."
Horsea,116,"It evolves into Seadra starting at level 32, which evolves into Kingdra when traded while holding a Dragon Scale."
Seadra,117,It evolves from Horsea starting at level 32 and evolves into Kingdra when traded while holding a Dragon Scale.
Goldeen,118,It evolves into Seaking starting at level 33.
Seaking,119,It evolves from Goldeen starting at level 33.
Staryu,120,It evolves into Starmie when exposed to a Water Stone.
Starmie,121,It evolves from Staryu when exposed to a Water Stone.
Not found,122,Double check website
Scyther,123,"It evolves into Scizor when traded while holding a Metal Coat (from Generations II to VII, Sword and Shield, and Brilliant Diamond and Shining Pearl) or when exposed to a Metal Coat (Legends: Arceus)."
Jynx,124,It evolves from Smoochum starting at level 30.
Electabuzz,125,"It evolves from Elekid starting at level 30 and evolves into Electivire when traded while holding an Electirizer (from Generations IV to VII, Sword and Shield, and Brilliant Diamond and Shining Pearl) or when exposed to an Electirizer (Legends: Arceus)."
Magmar,126,"It evolves from Magby starting at level 30 and evolves into Magmortar when traded while holding a Magmarizer (from Generations IV to VII, Sword and Shield, and Brilliant Diamond and Shining Pearl) or when exposed to a Magmarizer (Legends: Arceus)."
Pinsir,127,"While it is not known to evolve into or from any other Pokémon, Pinsir can Mega Evolve into Mega Pinsir using the Pinsirite."
Tauros,128,"It is not known to evolve into or from any other Pokémon, but it is considered to be a counterpart of Miltank."
Magikarp,129,It evolves into Gyarados starting at level 20.
Gyarados,130,It evolves from Magikarp starting at level 20.
Lapras,131,"While it is not known to evolve into or from any other Pokémon, Lapras has a Gigantamax form."
Ditto,132,It is not known to evolve into or from any other Pokémon.
Eevee,133,It evolves into one of eight different Pokémon through various methods:
Vaporeon,134,"It evolves from Eevee when exposed to a Water Stone. It is one of Eevee's final forms, the others being Jolteon, Flareon, Espeon, Umbreon, Leafeon, Glaceon, and Sylveon."
Jolteon,135,"It evolves from Eevee when exposed to a Thunder Stone. It is one of Eevee's final forms, the others being Vaporeon, Flareon, Espeon, Umbreon, Leafeon, Glaceon, and Sylveon."
Flareon,136,"It evolves from Eevee when exposed to a Fire Stone. It is one of Eevee's final forms, the others being Vaporeon, Jolteon, Espeon, Umbreon, Leafeon, Glaceon, and Sylveon."
Porygon,137,"It evolves into Porygon2 when traded while holding a Upgrade (from Generations II to VII, Sword and Shield, and Brilliant Diamond and Shining Pearl) or when exposed to an Upgrade (Legends: Arceus), which evolves into Porygon-Z when traded while holding a Dubious Disc (from Generations IV to VII, Sword and Shield, and Brilliant Diamond and Shining Pearl) or when exposed to a Dubious Disc (Legends: Arceus)."
Omanyte,138,It is resurrected from a Helix Fossil and evolves into Omastar starting at level 40.
Omastar,139,"It evolves from Omanyte starting at level 40, after it is revived from a Helix Fossil."
Kabuto,140,It is resurrected from a Dome Fossil and evolves into Kabutops starting at level 40.
Kabutops,141,"It evolves from Kabuto starting at level 40, after it is revived from a Dome Fossil."
Aerodactyl,142,"It is resurrected from an Old Amber, and while it is not known to evolve into or from any other Pokémon, Aerodactyl can Mega Evolve into Mega Aerodactyl using the Aerodactylite."
Snorlax,143,It evolves from Munchlax when leveled up with high friendship.
Articuno,144,It is not known to evolve into or from any other Pokémon.
Zapdos,145,It is not known to evolve into or from any other Pokémon.
Moltres,146,It is not known to evolve into or from any other Pokémon.
Dratini,147,"It evolves into Dragonair starting at level 30, which evolves into Dragonite starting at level 55."
Dragonair,148,It evolves from Dratini starting at level 30 and evolves into Dragonite starting at level 55.
Dragonite,149,It evolves from Dragonair starting at level 55. It is the final form of Dratini.
Mewtwo,150,"While it is not known to evolve into or from any other Pokémon, Mewtwo can Mega Evolve into two different forms:"
Mew,151,It is not known to evolve into or from any other Pokémon.
Chikorita,152,"It evolves into Bayleef starting at level 16, which evolves into Meganium starting at level 32."
Bayleef,153,It evolves from Chikorita starting at level 16 and evolves into Meganium starting at level 32.
Meganium,154,It evolves from Bayleef starting at level 32. It is the final form of Chikorita.
Cyndaquil,155,"It evolves into Quilava starting at level 14 (Generations II to VII, Brilliant Diamond and Shining Pearl) or level 17 (Legends: Arceus), which evolves into Typhlosion starting at level 36."
Quilava,156,"It evolves from Cyndaquil starting at level 14 (Generations II to VII, Brilliant Diamond and Shining Pearl) or level 17 (Legends: Arceus) and evolves into Typhlosion starting at level 36."
Typhlosion,157,It evolves from Quilava starting at level 36. It is the final form of Cyndaquil.
Totodile,158,"It evolves into Croconaw starting at level 18, which evolves into Feraligatr starting at level 30."
Croconaw,159,It evolves from Totodile starting at level 18 and evolves into Feraligatr starting at level 30.
Feraligatr,160,It evolves from Croconaw starting at level 30. It is the final form of Totodile.
Sentret,161,It evolves into Furret starting at level 15.
Furret,162,It evolves from Sentret starting at level 15.
Hoothoot,163,It evolves into Noctowl starting at level 20.
Noctowl,164,It evolves from Hoothoot starting at level 20.
Ledyba,165,It evolves into Ledian starting at level 18.
Ledian,166,It evolves from Ledyba starting at level 18.
Spinarak,167,It evolves into Ariados starting at level 22.
Ariados,168,It evolves from Spinarak starting at level 22.
Crobat,169,It evolves from Golbat when leveled up with high friendship. It is the final form of Zubat.
Chinchou,170,It evolves into Lanturn starting at level 27.
Lanturn,171,It evolves from Chinchou starting at level 27.
Pichu,172,"It evolves into Pikachu when leveled up with high friendship, which evolves into Raichu when exposed to a Thunder Stone."
Cleffa,173,"It evolves into Clefairy when leveled up with high friendship, which evolves into Clefable when exposed to a Moon Stone."
Igglybuff,174,"It evolves into Jigglypuff when leveled up with high friendship, which evolves into Wigglytuff when exposed to a Moon Stone."
Togepi,175,"It evolves into Togetic when leveled up with high friendship, which evolves into Togekiss when exposed to a Shiny Stone."
Togetic,176,It evolves from Togepi when leveled up with high friendship and evolves into Togekiss when exposed to a Shiny Stone.
Natu,177,It evolves into Xatu starting at level 25.
Xatu,178,It evolves from Natu starting at level 25.
Mareep,179,"It evolves into Flaaffy starting at level 15, which evolves into Ampharos starting at level 30."
Flaaffy,180,It evolves from Mareep starting at level 15 and evolves into Ampharos starting at level 30.
Ampharos,181,It evolves from Flaaffy starting at level 30. It is the final form of Mareep.
Bellossom,182,"It evolves from Gloom when exposed to a Sun Stone. It is one of Oddish's final forms, the other being Vileplume."
Marill,183,It evolves from Azurill when leveled up with high friendship and evolves into Azumarill starting at level 18.
Azumarill,184,It evolves from Marill starting at level 18. It is the final form of Azurill.
Sudowoodo,185,It evolves from Bonsly when leveled up while knowing Mimic.
Politoed,186,"It evolves from Poliwhirl when traded while holding a King's Rock. It is one of Poliwag's final forms, the other being Poliwrath."
Hoppip,187,"It evolves into Skiploom starting at level 18, which evolves into Jumpluff starting at level 27."
Skiploom,188,It evolves from Hoppip starting at level 18 and evolves into Jumpluff starting at level 27.
Jumpluff,189,It evolves from Skiploom starting at level 27. It is the final form of Hoppip.
Aipom,190,It evolves into Ambipom when leveled up while knowing Double Hit.
Sunkern,191,It evolves into Sunflora when exposed to a Sun Stone.
Sunflora,192,It evolves from Sunkern when exposed to a Sun Stone.
Yanma,193,It evolves into Yanmega when leveled up while knowing Ancient Power.
Wooper,194,It evolves into Quagsire starting at level 20.
Quagsire,195,It evolves from Wooper starting at level 20.
Espeon,196,"It evolves from Eevee when leveled up with high friendship during the day (in the main series games) or when leveled up with high friendship with a Sun Shard in the Bag (in Pokémon XD: Gale of Darkness). It is one of Eevee's final forms, the others being Vaporeon, Jolteon, Flareon, Umbreon, Leafeon, Glaceon, and Sylveon."
Umbreon,197,"It evolves from Eevee when leveled up with high friendship during the night (in the main series games) or when leveled up with high friendship with a Moon Shard in the Bag (in Pokémon XD: Gale of Darkness). It is one of Eevee's final forms, the others being Vaporeon, Jolteon, Flareon, Espeon, Leafeon, Glaceon, and Sylveon."
Murkrow,198,It evolves into Honchkrow when exposed to a Dusk Stone.
Slowking,199,"It evolves from Slowpoke when traded while holding a King's Rock. It is one of Slowpoke's final forms, the other being Slowbro."
Misdreavus,200,It evolves into Mismagius when exposed to a Dusk Stone.
Unown,201,"While it is not known to evolve into or from any other Pokémon, as of Generation III, Unown has 28 derivative shapes, chronicled in the Unown Mode in Generation II and the Unown Report in HeartGold and SoulSilver. There are 26 Latin alphabet characters, plus ? (question mark) and ! (exclamation mark) introduced in Generation III. In Generation II, its shape is determined by its individual values; in Generation III, it is determined by its personality value; from Generation IV onward, it is determined by a separate form identifier."
Wobbuffet,202,It evolves from Wynaut starting at level 15.
Girafarig,203,It is not known to evolve into or from any other Pokémon.
Pineco,204,It evolves into Forretress starting at level 31.
Forretress,205,It evolves from Pineco starting at level 31.
Dunsparce,206,It is not known to evolve into or from any other Pokémon.
Gligar,207,It evolves into Gliscor when leveled up holding a Razor Fang during the night (from Generations IV to VII and Brilliant Diamond and Shining Pearl) or when exposed to a Razor Fang during the night (Legends: Arceus).
Steelix,208,"It evolves from Onix when traded while holding a Metal Coat (from Generations II to VII, Sword and Shield, and Brilliant Diamond and Shining Pearl) or when exposed to a Metal Coat (Pokémon Legends: Arceus)."
Snubbull,209,It evolves into Granbull starting at level 23.
Granbull,210,It evolves from Snubbull starting at level 23.
Qwilfish,211,It is not known to evolve into or from any other Pokémon.
Scizor,212,"It evolves from Scyther when traded while holding a Metal Coat (from Generations II to VII, Sword and Shield, and Brilliant Diamond and Shining Pearl) or when exposed to a Metal Coat (Legends: Arceus). It is one of Scyther's final forms, the other being Kleavor."
Shuckle,213,It is not known to evolve into or from any other Pokémon.
Heracross,214,"While it is not known to evolve into or from any other Pokémon, Heracross can Mega Evolve into Mega Heracross using the Heracronite."
Sneasel,215,"It evolves into Weavile when leveled up holding a Razor Claw during the night (from Generations IV to VII, Sword and Shield, and Brilliant Diamond and Shining Pearl) or when exposed to a Razor Claw during the night (Legends: Arceus)."
Teddiursa,216,It evolves into Ursaring starting at level 30.
Ursaring,217,It evolves from Teddiursa starting at level 30.
Slugma,218,It evolves into Magcargo starting at level 38.
Magcargo,219,It evolves from Slugma starting at level 38.
Swinub,220,"It evolves into Piloswine starting at level 33, which evolves into Mamoswine when leveled up while knowing Ancient Power."
Piloswine,221,It evolves from Swinub starting at level 33 and evolves into Mamoswine when leveled up while knowing Ancient Power.
Corsola,222,It is not known to evolve into or from any other Pokémon.
Remoraid,223,It evolves into Octillery starting at level 25.
Octillery,224,It evolves from Remoraid starting at level 25.
Delibird,225,It is not known to evolve into or from any other Pokémon.
Mantine,226,It evolves from Mantyke when leveled up with a Remoraid in the party.
Skarmory,227,It is not known to evolve into or from any other Pokémon.
Houndour,228,It evolves into Houndoom starting at level 24.
Houndoom,229,It evolves from Houndour starting at level 24.
Kingdra,230,It evolves from Seadra when traded while holding a Dragon Scale. It is the final form of Horsea.
Phanpy,231,It evolves into Donphan starting at level 25.
Donphan,232,It evolves from Phanpy starting at level 25.
Porygon2,233,"It evolves from Porygon when traded while holding an Upgrade (from Generations II to VII, Sword and Shield, and Brilliant Diamond and Shining Pearl) or when exposed to an Upgrade (Legends: Arceus), and evolves into Porygon-Z when traded while holding a Dubious Disc (from Generations IV to VII, Sword and Shield, and Brilliant Diamond and Shining Pearl) or when exposed to a Dubious Disc (Legends: Arceus)."
Stantler,234,"In the Hisui region, it evolves into Wyrdeer after using Psyshield Bash in Agile Style at least 20 times."
Smeargle,235,It is not known to evolve into or from any other Pokémon.
Tyrogue,236,It evolves into one of three different Pokémon starting at level 20:
Hitmontop,237,"It evolves from Tyrogue starting at level 20 when Tyrogue's Attack and Defense are equal. It is one of Tyrogue's final forms, the others being Hitmonlee and Hitmonchan."
Smoochum,238,It evolves into Jynx starting at level 30.
Elekid,239,"It evolves into Electabuzz starting at level 30, which evolves into Electivire when traded while holding an Electirizer (from Generations IV to VII, Sword and Shield, and Brilliant Diamond and Shining Pearl) or when exposed to an Electirizer (Legends: Arceus)."
Magby,240,"It evolves into Magmar starting at level 30, which evolves into Magmortar when traded while holding a Magmarizer (from Generations IV to VII, Sword and Shield, and Brilliant Diamond and Shining Pearl) or when exposed to a Magmarizer (Legends: Arceus)."
Miltank,241,"It is not known to evolve into or from any other Pokémon, but it is considered to be a counterpart of Tauros."
Blissey,242,It evolves from Chansey when leveled up with high friendship. It is the final form of Happiny.
Raikou,243,It is not known to evolve into or from any other Pokémon.
Entei,244,It is not known to evolve into or from any other Pokémon.
Suicune,245,It is not known to evolve into or from any other Pokémon.
Larvitar,246,"It evolves into Pupitar starting at level 30, which evolves into Tyranitar starting at level 55."
Pupitar,247,It evolves from Larvitar starting at level 30 and evolves into Tyranitar starting at level 55.
Tyranitar,248,It evolves from Pupitar starting at level 55. It is the final form of Larvitar.
Lugia,249,It is not known to evolve into or from any other Pokémon.
Not found,250,Double check website
Celebi,251,It is not known to evolve into or from any other Pokémon.
Treecko,252,"It evolves into Grovyle starting at level 16, which evolves into Sceptile starting at level 36."
Grovyle,253,It evolves from Treecko starting at level 16 and evolves into Sceptile starting at level 36.
Sceptile,254,It evolves from Grovyle starting at level 36. It is the final form of Treecko.
Torchic,255,"It evolves into Combusken starting at level 16, which evolves into Blaziken starting at level 36."
Combusken,256,It evolves from Torchic starting at level 16 and evolves into Blaziken starting at level 36.
Blaziken,257,It evolves from Combusken starting at level 36. It is the final form of Torchic.
Mudkip,258,"It evolves into Marshtomp starting at level 16, which evolves into Swampert starting at level 36."
Marshtomp,259,It evolves from Mudkip starting at level 16 and evolves into Swampert starting at level 36.
Swampert,260,It evolves from Marshtomp starting at level 36. It is the final form of Mudkip.
Poochyena,261,It evolves into Mightyena starting at level 18.
Mightyena,262,It evolves from Poochyena starting at level 18.
Zigzagoon,263,It evolves into Linoone starting at level 20.
Linoone,264,It evolves from Zigzagoon starting at level 20.
Wurmple,265,"Wurmple will evolve into either Silcoon or Cascoon starting at level 7 depending on its personality value. As personality values cannot be influenced or seen by the player, what a given Wurmple will evolve into is essentially random. From there, the Silcoon or Cascoon will evolve again starting at level 10 into Beautifly or Dustox respectively."
Silcoon,266,"It evolves from Wurmple with a corresponding hidden personality value starting at level 7, and evolves into Beautifly starting at level 10. It is the parallel of Cascoon, Wurmple's other evolution."
Beautifly,267,"It evolves from Silcoon starting at level 10. It is one of Wurmple's final forms, the other being Dustox."
Cascoon,268,"It evolves from Wurmple with a corresponding hidden personality value starting at level 7, and evolves into Dustox starting at level 10. It is the parallel of Silcoon, Wurmple's other evolution."
Dustox,269,"It evolves from Cascoon starting at level 10. It is one of Wurmple's final forms, the other being Beautifly."
Lotad,270,"It evolves into Lombre starting at level 14, which evolves into Ludicolo when exposed to a Water Stone."
Lombre,271,It evolves from Lotad starting at level 14 and evolves into Ludicolo when exposed to a Water Stone.
Ludicolo,272,It evolves from Lombre when exposed to a Water Stone. It is the final form of Lotad.
Seedot,273,"It evolves into Nuzleaf starting at level 14, which evolves into Shiftry when exposed to a Leaf Stone."
Nuzleaf,274,It evolves from Seedot starting at level 14 and evolves into Shiftry when exposed to a Leaf Stone.
Shiftry,275,It evolves from Nuzleaf when exposed to a Leaf Stone. It is the final form of Seedot.
Taillow,276,It evolves into Swellow starting at level 22.
Swellow,277,It evolves from Taillow starting at level 22.
Wingull,278,It evolves into Pelipper starting at level 25.
Pelipper,279,It evolves from Wingull starting at level 25.
Ralts,280,"It evolves into Kirlia starting at level 20, which evolves into Gardevoir starting at level 30 or, if male, Gallade when exposed to a Dawn Stone."
Kirlia,281,"It evolves from Ralts starting at level 20 and evolves into Gardevoir starting at level 30 or, if male, Gallade when exposed to a Dawn Stone."
Gardevoir,282,"It evolves from Kirlia starting at level 30. It is one of Ralts's final forms, the other being Gallade."
Surskit,283,It evolves into Masquerain starting at level 22.
Masquerain,284,It evolves from Surskit starting at level 22.
Shroomish,285,It evolves into Breloom starting at level 23.
Breloom,286,It evolves from Shroomish starting at level 23.
Slakoth,287,"It evolves into Vigoroth starting at level 18, which evolves into Slaking starting at level 36."
Vigoroth,288,It evolves from Slakoth starting at level 18 and evolves into Slaking starting at level 36.
Slaking,289,It evolves from Vigoroth starting at level 36. It is the final form of Slakoth.
Nincada,290,"It evolves into Ninjask starting at level 20. Additionally, if the player has a spare slot in the party and an extra Poké Ball, a Shedinja will appear in the player's party when Nincada evolves. An extra Poké Ball is not necessary to obtain Shedinja in Generation III."
Ninjask,291,"It evolves from Nincada starting at level 20. This evolution can trigger the creation of a second Pokémon, Shedinja, when the player has an extra Poké Ball and an extra slot in their party."
Shedinja,292,"It is considered a special evolution of Nincada, appearing only when Nincada evolves into Ninjask starting at level 20, as long as there is an extra space in the player's party and an extra Poké Ball in the player's bag. An extra Poké Ball is not necessary to obtain Shedinja in Generation III."
Whismur,293,"It evolves into Loudred starting at level 20, which evolves into Exploud starting at level 40."
Loudred,294,It evolves from Whismur starting at level 20 and evolves into Exploud starting at level 40.
Exploud,295,It evolves from Loudred starting at level 40. It is the final form of Whismur.
Makuhita,296,It evolves into Hariyama starting at level 24.
Hariyama,297,It evolves from Makuhita starting at level 24.
Azurill,298,"It evolves into Marill when leveled up with high friendship, which evolves into Azumarill starting at level 18."
Nosepass,299,It evolves into Probopass when leveled up in a special magnetic field or when exposed to a Thunder Stone (Pokémon Legends: Arceus).
Skitty,300,It evolves into Delcatty when exposed to a Moon Stone.
Delcatty,301,It evolves from Skitty when exposed to a Moon Stone.
Sableye,302,"While it is not known to evolve into or from any other Pokémon, Sableye can Mega Evolve into Mega Sableye using the Sablenite‎."
Mawile,303,"While it is not known to evolve into or from any other Pokémon, Mawile can Mega Evolve into Mega Mawile using the Mawilite."
Aron,304,"It evolves into Lairon starting at level 32, which evolves into Aggron starting at level 42."
Lairon,305,It evolves from Aron starting at level 32 and evolves into Aggron starting at level 42.
Aggron,306,It evolves from Lairon starting at level 42. It is the final form of Aron.
Meditite,307,It evolves into Medicham starting at level 37.
Medicham,308,It evolves from Meditite starting at level 37.
Electrike,309,It evolves into Manectric starting at level 26.
Manectric,310,It evolves from Electrike starting at level 26.
Plusle,311,"It is not known to evolve into or from any other Pokémon, but it is considered to be a counterpart of Minun."
Minun,312,"It is not known to evolve into or from any other Pokémon, but it is considered to be a counterpart of Plusle."
Volbeat,313,It is not known to evolve into or from any other Pokémon.
Illumise,314,It is not known to evolve into or from any other Pokémon
Roselia,315,It evolves from Budew when leveled up with high friendship during the day and evolves into Roserade when exposed to a Shiny Stone.
Gulpin,316,It evolves into Swalot starting at level 26.
Swalot,317,It evolves from Gulpin starting at level 26.
Carvanha,318,It evolves into Sharpedo starting at level 30.
Sharpedo,319,It evolves from Carvanha starting at level 30.
Wailmer,320,It evolves into Wailord starting at level 40.
Wailord,321,It evolves from Wailmer starting at level 40.
Numel,322,It evolves into Camerupt starting at level 33.
Camerupt,323,It evolves from Numel starting at level 33.
Torkoal,324,It is not known to evolve into or from any other Pokémon.
Spoink,325,It evolves into Grumpig starting at level 32.
Grumpig,326,It evolves from Spoink starting at level 32.
Spinda,327,It is not known to evolve into or from any other Pokémon.
Trapinch,328,"It evolves into Vibrava starting at level 35, which evolves into Flygon starting at level 45."
Vibrava,329,It evolves from Trapinch starting at level 35 and evolves into Flygon starting at level 45.
Flygon,330,It evolves from Vibrava starting at level 45. It is the final form of Trapinch.
Cacnea,331,It evolves into Cacturne starting at level 32.
Cacturne,332,It evolves from Cacnea starting at level 32.
Swablu,333,It evolves into Altaria starting at level 35.
Altaria,334,It evolves from Swablu starting at level 35.
Zangoose,335,It is not known to evolve into or from any other Pokémon.
Seviper,336,It is not known to evolve into or from any other Pokémon.
Lunatone,337,"It is not known to evolve into or from any other Pokémon, but it is considered to be a counterpart of Solrock."
Solrock,338,"It is not known to evolve into or from any other Pokémon, but it is considered to be a counterpart of Lunatone."
Barboach,339,It evolves into Whiscash starting at level 30.
Whiscash,340,It evolves from Barboach starting at level 30.
Corphish,341,It evolves into Crawdaunt starting at level 30.
Crawdaunt,342,It evolves from Corphish starting at level 30.
Baltoy,343,It evolves into Claydol starting at level 36.
Claydol,344,It evolves from Baltoy starting at level 36.
Lileep,345,It is resurrected from a Root Fossil and evolves into Cradily starting at level 40.
Cradily,346,"It evolves from Lileep starting at level 40, after it is revived from a Root Fossil."
Anorith,347,It is resurrected from a Claw Fossil and evolves into Armaldo starting at level 40.
Armaldo,348,"It evolves from Anorith starting at level 40, after it is revived from a Claw Fossil."
Feebas,349,"It evolves into Milotic when leveled up with its Beautiful condition high enough, or (from Generation V onward) when traded while holding a Prism Scale."
Milotic,350,"It evolves from Feebas when leveled up with its Beautiful condition high enough, or (from Generation V onward) when traded while holding a Prism Scale."
Castform,351,"While it is not known to evolve into or from any other Pokémon, Castform has the ability to change forms depending on the current weather."
Kecleon,352,It is not known to evolve into or from any other Pokémon.
Shuppet,353,It evolves into Banette starting at level 37.
Banette,354,It evolves from Shuppet starting at level 37.
Duskull,355,"It evolves into Dusclops starting at level 37, which evolves into Dusknoir when traded while holding a Reaper Cloth (from Generations IV to VII, Sword and Shield, and Brilliant Diamond and Shining Pearl) or when exposed to a Reaper Cloth (Legends: Arceus)."
Dusclops,356,"It evolves from Duskull starting at level 37 and evolves into Dusknoir when traded while holding a Reaper Cloth (from Generations IV to VII, Sword and Shield, and Brilliant Diamond and Shining Pearl) or when exposed to a Reaper Cloth (Legends: Arceus)."
Tropius,357,It is not known to evolve into or from any other Pokémon.
Chimecho,358,It evolves from Chingling when leveled up with high friendship during the night.
Absol,359,"While it is not known to evolve into or from any other Pokémon, Absol can Mega Evolve into Mega Absol using the Absolite."
Wynaut,360,It evolves into Wobbuffet starting at level 15.
Snorunt,361,"It evolves into either Glalie starting at level 42 or, if female, Froslass when exposed to a Dawn Stone."
Glalie,362,"It evolves from Snorunt starting at level 42. It is one of Snorunt's final forms, the other being Froslass."
Spheal,363,"It evolves into Sealeo starting at level 32, which evolves into Walrein starting at level 44."
Sealeo,364,It evolves from Spheal starting at level 32 and evolves into Walrein starting at level 44.
Walrein,365,It evolves from Sealeo starting at level 44. It is the final form of Spheal.
Clamperl,366,It evolves into Huntail when traded while holding a Deep Sea Tooth or into Gorebyss when traded while holding a Deep Sea Scale.
Huntail,367,"It evolves from Clamperl when traded while holding a Deep Sea Tooth. It is one of Clamperl's final forms, the other being Gorebyss."
Gorebyss,368,"It evolves from Clamperl when traded while holding a Deep Sea Scale. It is one of Clamperl's final forms, the other being Huntail."
Relicanth,369,It is not known to evolve into or from any other Pokémon.
Luvdisc,370,It is not known to evolve into or from any other Pokémon.
Bagon,371,"It evolves into Shelgon starting at level 30, which evolves into Salamence starting at level 50."
Shelgon,372,It evolves from Bagon starting at level 30 and evolves into Salamence starting at level 50.
Salamence,373,It evolves from Shelgon starting at level 50. It is the final form of Bagon.
Beldum,374,"It evolves into Metang starting at level 20, which evolves into Metagross starting at level 45."
Metang,375,It evolves from Beldum starting at level 20 and evolves into Metagross starting at level 45.
Metagross,376,It evolves from Metang starting at level 45. It is the final form of Beldum.
Regirock,377,It is not known to evolve into or from any other Pokémon.
Regice,378,It is not known to evolve into or from any other Pokémon.
Registeel,379,It is not known to evolve into or from any other Pokémon.
Latias,380,"While it is not known to evolve into or from any other Pokémon, Latias can Mega Evolve into Mega Latias using the Latiasite."
Latios,381,"While it is not known to evolve into or from any other Pokémon, Latios can Mega Evolve into Mega Latios using the Latiosite."
Kyogre,382,"While it is not known to evolve into or from any other Pokémon, Kyogre can undergo Primal Reversion and become Primal Kyogre if it holds the Blue Orb."
Groudon,383,"While it is not known to evolve into or from any other Pokémon, Groudon can undergo Primal Reversion and become Primal Groudon if it holds the Red Orb and thus become a dual-type Ground/Fire."
Rayquaza,384,"While it is not known to evolve into or from any other Pokémon, Rayquaza can Mega Evolve into Mega Rayquaza if it knows Dragon Ascent, but only if it is not holding a Z-Crystal. In Pokémon Omega Ruby and Alpha Sapphire, the Rayquaza featured in the Delta Episode must be caught (which requires it to eat the Meteorite) before the player can Mega Evolve any Rayquaza."
Jirachi,385,It is not known to evolve into or from any other Pokémon.
Deoxys,386,"While it is not known to evolve into or from any other Pokémon, Deoxys has three other Formes. In Generation III, its Forme depends on which game cartridge it is on and cannot be changed without trading."
Turtwig,387,"It evolves into Grotle starting at level 18, which evolves into Torterra starting at level 32."
Grotle,388,It evolves from Turtwig starting at level 18 and evolves into Torterra starting at level 32.
Torterra,389,It evolves from Grotle starting at level 32. It is the final form of Turtwig.
Chimchar,390,"It evolves into Monferno starting at level 14, which evolves into Infernape starting at level 36."
Monferno,391,It evolves from Chimchar starting at level 14 and evolves into Infernape starting at level 36.
Infernape,392,It evolves from Monferno starting at level 36. It is the final form of Chimchar.
Piplup,393,"It evolves into Prinplup starting at level 16, which evolves into Empoleon starting at level 36."
Prinplup,394,It evolves from Piplup starting at level 16 and evolves into Empoleon starting at level 36.
Empoleon,395,It evolves from Prinplup starting at level 36. It is the final form of Piplup.
Starly,396,"It evolves into Staravia starting at level 14, which evolves into Staraptor starting at level 34."
Staravia,397,It evolves from Starly starting at level 14 and evolves into Staraptor starting at level 34.
Staraptor,398,It evolves from Staravia starting at level 34. It is the final form of Starly.
Bidoof,399,It evolves into Bibarel starting at level 15.
Bibarel,400,It evolves from Bidoof starting at level 15.
Kricketot,401,It evolves into Kricketune starting at level 10.
Kricketune,402,It evolves from Kricketot starting at level 10.
Shinx,403,"It evolves into Luxio starting at level 15, which evolves into Luxray starting at level 30."
Luxio,404,It evolves from Shinx starting at level 15 and evolves into Luxray starting at level 30.
Luxray,405,It evolves from Luxio starting at level 30. It is the final form of Shinx.
Budew,406,"It evolves into Roselia when leveled up with high friendship during the day, which evolves into Roserade when exposed to a Shiny Stone."
Roserade,407,It evolves from Roselia when exposed to a Shiny Stone. It is the final form of Budew.
Cranidos,408,It is resurrected from a Skull Fossil and evolves into Rampardos starting at level 30.
Rampardos,409,"It evolves from Cranidos starting at level 30, after it is revived from a Skull Fossil."
Shieldon,410,It is resurrected from an Armor Fossil and evolves into Bastiodon starting at level 30.
Bastiodon,411,"It evolves from Shieldon starting at level 30, after it is revived from an Armor Fossil."
Burmy,412,"Burmy's evolutions are gender dependent: female Burmy evolve into Wormadam and male Burmy evolve into Mothim, both starting at level 20."
Wormadam ,413,"It evolves from a female Burmy starting at level 20. It is one of Burmy's final forms, the other being Mothim."
Mothim,414,"It evolves from a male Burmy starting at level 20. It is one of Burmy's final forms, the other being Wormadam."
Combee,415,Female Combee evolve into Vespiquen starting at level 21. Male Combee are not known to evolve into or from any other Pokémon.
Vespiquen,416,Female Combee evolve into Vespiquen starting at level 21. Male Combee are not known to evolve into or from any other Pokémon.
Pachirisu,417,It is not known to evolve into or from any other Pokémon.
Buizel,418,It evolves into Floatzel starting at level 26.
Floatzel,419,It evolves from Buizel starting at level 26.
Cherubi,420,It evolves into Cherrim starting at level 25.
Cherrim,421,It evolves from Cherubi starting at level 25.
Shellos,422,It evolves into Gastrodon starting at level 30.
Gastrodon,423,It evolves from Shellos starting at level 30.
Ambipom,424,It evolves from Aipom when leveled up while knowing Double Hit.
Drifloon,425,It evolves into Drifblim starting at level 28.
Drifblim,426,It evolves from Drifloon starting at level 28.
Buneary,427,It evolves into Lopunny when leveled up with high friendship.
Lopunny,428,It evolves from Buneary when leveled up with high friendship.
Mismagius,429,It evolves from Misdreavus when exposed to a Dusk Stone.
Honchkrow,430,It evolves from Murkrow when exposed to a Dusk Stone.
Glameow,431,It evolves into Purugly starting at level 38.
Purugly,432,It evolves from Glameow starting at level 38.
Chingling,433,It evolves into Chimecho when leveled up with high friendship during the night.
Stunky,434,It evolves into Skuntank starting at level 34.
Skuntank,435,It evolves from Stunky starting at level 34.
Bronzor,436,It evolves into Bronzong starting at level 33.
Bronzong,437,It evolves from Bronzor starting at level 33.
Bonsly,438,It evolves into Sudowoodo when leveled up while knowing Mimic.
Not found,439,Double check website
Happiny,440,"It evolves into Chansey when leveled up while holding an Oval Stone during the day (from Generations IV to VII, Sword and Shield, and Brilliant Diamond and Shining Pearl) or when exposed to an Oval Stone (Legends: Arceus), which evolves into Blissey when leveled up with high friendship."
Chatot,441,It is not known to evolve into or from any other Pokémon.
Spiritomb,442,It is not known to evolve into or from any other Pokémon.
Gible,443,"It evolves into Gabite starting at level 24, which evolves into Garchomp starting at level 48."
Gabite,444,It evolves from Gible starting at level 24 and evolves into Garchomp starting at level 48.
Garchomp,445,It evolves from Gabite starting at level 48. It is the final form of Gible.
Munchlax,446,It evolves into Snorlax when leveled up with high friendship.
Riolu,447,It evolves into Lucario when leveled up with high friendship during the day.
Lucario,448,It evolves from Riolu when leveled up with high friendship during the day.
Hippopotas,449,It evolves into Hippowdon starting at level 34.
Hippowdon,450,It evolves from Hippopotas starting at level 34.
Skorupi,451,It evolves into Drapion starting at level 40.
Drapion,452,It evolves from Skorupi starting at level 40.
Croagunk,453,It evolves into Toxicroak starting at level 37.
Toxicroak,454,It evolves from Croagunk starting at level 37.
Carnivine,455,It is not known to evolve into or from any other Pokémon.
Finneon,456,It evolves into Lumineon starting at level 31.
Lumineon,457,It evolves from Finneon starting at level 31.
Mantyke,458,It evolves into Mantine when leveled up with a Remoraid in the party.
Snover,459,It evolves into Abomasnow starting at level 40.
Abomasnow,460,It evolves from Snover starting at level 40.
Weavile,461,"It evolves from Sneasel when leveled up holding a Razor Claw during the night (from Generations IV to VII, Sword and Shield, and Brilliant Diamond and Shining Pearl) or when exposed to a Razor Claw during the night (Legends: Arceus)."
Magnezone,462,"It evolves from Magneton when leveled up in a special magnetic field (Generations IV to VII), when exposed to a Thunder Stone (Pokémon Sword and Shield), or through either method (Brilliant Diamond and Shining Pearl, Pokémon Legends: Arceus). It is the final form of Magnemite."
Lickilicky,463,It evolves from Lickitung when leveled up while knowing Rollout.
Rhyperior,464,"It evolves from Rhydon when traded while holding a Protector (from Generations IV to VII, Sword and Shield, and Brilliant Diamond and Shining Pearl) or when exposed to a Protector (Legends: Arceus). It is the final form of Rhyhorn."
Tangrowth,465,It evolves from Tangela when leveled up while knowing Ancient Power.
Electivire,466,"It evolves from Electabuzz when traded while holding an Electirizer (from Generations IV to VII, Sword and Shield, and Brilliant Diamond and Shining Pearl) or when exposed to an Electirizer (Legends: Arceus). It is the final form of Elekid."
Magmortar,467,"It evolves from Magmar when traded while holding a Magmarizer (from Generations IV to VII, Sword and Shield, and Brilliant Diamond and Shining Pearl) or when exposed to a Magmarizer (Legends: Arceus). It is the final form of Magby."
Togekiss,468,It evolves from Togetic when exposed to a Shiny Stone. It is the final form of Togepi.
Yanmega,469,It evolves from Yanma when leveled up while knowing Ancient Power.
Leafeon,470,"It evolves from Eevee when it is leveled up near a Moss Rock (from Generations IV to VII and Brilliant Diamond and Shining Pearl), when exposed to a Leaf Stone (Sword and Shield, Brilliant Diamond and Shining Pearl), or either through exposure to a Leaf Stone or the evolution being forced in proximity to a Moss Rock (Legends: Arceus). It is one of Eevee's final forms, the others being Vaporeon, Jolteon, Flareon, Espeon, Umbreon, Glaceon, and Sylveon."
Glaceon,471,"It evolves from Eevee when it is leveled up near an Ice Rock (from Generations IV to VII, Brilliant Diamond and Shining Pearl), when exposed to an Ice Stone (Sword and Shield), or either through exposure to an Ice Stone or the evolution being forced in proximity to an Ice Rock (Legends: Arceus). It is one of Eevee's final forms, the others being Vaporeon, Jolteon, Flareon, Espeon, Umbreon, Leafeon, and Sylveon."
Gliscor,472,It evolves from Gligar when leveled up holding a Razor Fang during the night (from Generations IV to VII and Brilliant Diamond and Shining Pearl) or when exposed to a Razor Fang during the night (Legends: Arceus).
Mamoswine,473,It evolves from Piloswine when leveled up while knowing Ancient Power. It is the final form of Swinub.
Porygon-Z,474,"It evolves from Porygon2 when traded while holding a Dubious Disc (from Generations IV to VII, Sword and Shield, and Brilliant Diamond and Shining Pearl) or when exposed to a Dubious Disc (Legends: Arceus). It is the final form of Porygon."
Gallade,475,"It evolves from a male Kirlia when exposed to a Dawn Stone. It is one of Ralts's final forms, the other being Gardevoir."
Probopass,476,It evolves from Nosepass when leveled up in a special magnetic field or (in Pokémon Legends: Arceus) when exposed to a Thunder Stone.
Dusknoir,477,"It evolves from Dusclops when traded while holding a Reaper Cloth (from Generations IV to VII, Sword and Shield, and Brilliant Diamond and Shining Pearl) or when exposed to a Reaper Cloth (Legends: Arceus). It is the final form of Duskull."
Froslass,478,"It evolves from a female Snorunt when exposed to a Dawn Stone. It is one of Snorunt's final forms, the other being Glalie."
Rotom,479,"While it is not known to evolve into or from any other Pokémon, Rotom has the ability to possess the motors of certain appliances and change forms."
Uxie,480,It is not known to evolve into or from any other Pokémon.
Mesprit,481,It is not known to evolve into or from any other Pokémon.
Azelf,482,It is not known to evolve into or from any other Pokémon.
Dialga,483,"While it is not known to evolve into or from any other Pokémon, Dialga can transform into its Origin Forme using the Adamant Crystal. It will revert back to its normal forme if one deposits it in Pokémon HOME or if one uses the Adamant Crystal again."
Palkia,484,"While is not known to evolve into or from any other Pokémon, Palkia can transform into its Origin Forme using the Lustrous Globe. It will revert back to its normal Forme if one deposits it in Pokémon HOME or if one uses the Lustrous Globe again."
Heatran,485,It is not known to evolve into or from any other Pokémon.
Regigigas,486,It is not known to evolve into or from any other Pokémon.
Giratina,487,"While it is not known to evolve to or from any other Pokémon, Giratina has a second forme activated by giving Giratina a Griseous Orb to hold, or by using the Griseous Core on it. It will also transform while it is in its home, the Distortion World. Its original forme, Altered Forme, will then become Origin Forme."
Cresselia,488,It is not known to evolve into or from any other Pokémon.
Phione,489,"It is not known to evolve into or from any other Pokémon, but can be obtained by breeding Manaphy or another Phione with Ditto."
Manaphy,490,"It is not known to evolve into or from any other Pokémon, but it has the unusual ability to breed, despite being a Mythical Pokémon. It is also unusual in that its offspring are Phione, which do not evolve into Manaphy, and that Manaphy Eggs have a different appearance from other Pokémon Eggs."
Darkrai,491,It is not known to evolve into or from any other Pokémon.
Shaymin,492,"While it is not known to evolve into or from another Pokémon, Shaymin has a second Forme activated by using a Gracidea flower in the daytime. Its original Forme, Land Forme, will then become the Grass/Flying-type Sky Forme. Shaymin's Sky Forme will revert into and remain in its Land Forme during the night or when frozen. Other circumstances may also cause it to revert."
Arceus,493,"While it is not known to evolve into or from any other Pokémon, Arceus will change type when it is holding a Plate or type-specific Z-Crystal."
Victini,494,It is not known to evolve into or from any other Pokémon.
Snivy,495,"It evolves into Servine starting at level 17, which evolves into Serperior starting at level 36."
Servine,496,It evolves from Snivy starting at level 17 and evolves into Serperior starting at level 36.
Serperior,497,It evolves from Servine starting at level 36. It is the final form of Snivy.
Tepig,498,"It evolves into Pignite starting at level 17, which evolves into Emboar starting at level 36."
Pignite,499,It evolves from Tepig starting at level 17 and evolves into Emboar starting at level 36.
Emboar,500,It evolves from Pignite starting at level 36. It is the final form of Tepig.
Oshawott,501,"It evolves into Dewott starting at level 17, which evolves into Samurott starting at level 36."
Dewott,502,It evolves from Oshawott starting at level 17 and evolves into Samurott starting at level 36.
Samurott,503,It evolves from Dewott starting at level 36. It is the final form of Oshawott.
Patrat,504,It evolves into Watchog starting at level 20.
Watchog,505,It evolves from Patrat starting at level 20.
Lillipup,506,"It evolves into Herdier starting at level 16, which evolves into Stoutland starting at level 32."
Herdier,507,It evolves from Lillipup starting at level 16 and evolves into Stoutland starting at level 32.
Stoutland,508,It evolves from Herdier starting at level 32. It is the final form of Lillipup.
Purrloin,509,It evolves into Liepard starting at level 20.
Liepard,510,It evolves from Purrloin starting at level 20.
Pansage,511,It evolves into Simisage when exposed to a Leaf Stone.
Simisage,512,It evolves from Pansage when exposed to a Leaf Stone.
Pansear,513,It evolves into Simisear when exposed to a Fire Stone.
Simisear,514,It evolves from Pansear when exposed to a Fire Stone.
Panpour,515,It evolves into Simipour when exposed to a Water Stone.
Simipour,516,It evolves from Panpour when exposed to a Water Stone.
Munna,517,It evolves into Musharna when exposed to a Moon Stone.
Musharna,518,It evolves from Munna when exposed to a Moon Stone.
Pidove,519,"It evolves into Tranquill starting at level 21, which evolves into Unfezant starting at level 32."
Tranquill,520,It evolves from Pidove starting at level 21 and evolves into Unfezant starting at level 32.
Unfezant,521,It evolves from Tranquill starting at level 32. It is the final form of Pidove.
Blitzle,522,It evolves into Zebstrika starting at level 27.
Zebstrika,523,It evolves from Blitzle starting at level 27.
Roggenrola,524,"It evolves into Boldore starting at level 25, which evolves into Gigalith when traded."
Boldore,525,It evolves from Roggenrola starting at level 25 and evolves into Gigalith when traded.
Gigalith,526,It evolves from Boldore when traded. It is the final form of Roggenrola.
Woobat,527,It evolves into Swoobat when leveled up with high friendship.
Swoobat,528,It evolves from Woobat when leveled up with high friendship.
Drilbur,529,It evolves into Excadrill starting at level 31.
Excadrill,530,It evolves from Drilbur starting at level 31.
Audino,531,"While it is not known to evolve into or from any other Pokémon, Audino can Mega Evolve into Mega Audino using the Audinite."
Timburr,532,"It evolves into Gurdurr starting at level 25, which evolves into Conkeldurr when traded."
Gurdurr,533,It evolves from Timburr starting at level 25 and evolves into Conkeldurr when traded.
Conkeldurr,534,It evolves from Gurdurr when traded. It is the final form of Timburr.
Tympole,535,"It evolves into Palpitoad starting at level 25, which evolves into Seismitoad starting at level 36."
Palpitoad,536,It evolves from Tympole starting at level 25 and evolves into Seismitoad starting at level 36.
Seismitoad,537,It evolves from Palpitoad starting at level 36. It is the final form of Tympole.
Throh,538,"It is not known to evolve into or from any other Pokémon, but it is considered to be a counterpart of Sawk."
Sawk,539,"It is not known to evolve into or from any other Pokémon, but it is considered to be a counterpart of Throh."
Sewaddle,540,"It evolves into Swadloon starting at level 20, which evolves into Leavanny when leveled up with high friendship."
Swadloon,541,It evolves from Sewaddle starting at level 20 and evolves into Leavanny when leveled up with high friendship.
Leavanny,542,It evolves from Swadloon when leveled up with high friendship. It is the final form of Sewaddle.
Venipede,543,"It evolves into Whirlipede starting at level 22, which evolves into Scolipede starting at level 30."
Whirlipede,544,It evolves from Venipede starting at level 22 and evolves into Scolipede starting at level 30.
Scolipede,545,It evolves from Whirlipede starting at level 30. It is the final form of Venipede.
Cottonee,546,It evolves into Whimsicott when exposed to a Sun Stone.
Whimsicott,547,It evolves from Cottonee when it is exposed to a Sun Stone.
Petilil,548,It evolves into Lilligant when exposed to a Sun Stone.
Lilligant,549,It evolves from Petilil when exposed to a Sun Stone.
Basculin,550,Red- and Blue-Striped Basculin are not known to evolve into or from any other Pokémon.
Sandile,551,"It evolves into Krokorok starting at level 29, which evolves into Krookodile starting at level 40."
Krokorok,552,It evolves from Sandile starting at level 29 and evolves into Krookodile starting at level 40.
Krookodile,553,It evolves from Krokorok starting at level 40. It is the final form of Sandile.
Darumaka,554,It evolves into Darmanitan starting at level 35.
Darmanitan,555,It evolves from Darumaka starting at level 35.
Maractus,556,It is not known to evolve into or from any other Pokémon.
Dwebble,557,It evolves into Crustle starting at level 34.
Crustle,558,It evolves from Dwebble starting at level 34.
Scraggy,559,It evolves into Scrafty starting at level 39.
Scrafty,560,It evolves from Scraggy starting at level 39.
Sigilyph,561,It is not known to evolve into or from any other Pokémon.
Yamask,562,It evolves into Cofagrigus starting at level 34.
Cofagrigus,563,It evolves from Yamask starting at level 34.
Tirtouga,564,It is resurrected from a Cover Fossil and evolves into Carracosta starting at level 37.
Carracosta,565,"It evolves from Tirtouga starting at level 37, after it is revived from a Cover Fossil."
Archen,566,It is resurrected from a Plume Fossil and evolves into Archeops starting at level 37.
Archeops,567,"It evolves from Archen starting at level 37, after it is revived from a Plume Fossil."
Trubbish,568,It evolves into Garbodor starting at level 36.
Garbodor,569,It evolves from Trubbish starting at level 36.
Zorua,570,It evolves into Zoroark starting at level 30.
Zoroark,571,It evolves from Zorua starting at level 30.
Minccino,572,It evolves into Cinccino when exposed to a Shiny Stone.
Cinccino,573,It evolves from Minccino when exposed to a Shiny Stone.
Gothita,574,"It evolves into Gothorita starting at level 32, which evolves into Gothitelle starting at level 41."
Gothorita,575,It evolves from Gothita starting at level 32 and evolves into Gothitelle starting at level 41.
Gothitelle,576,It evolves from Gothorita starting at level 41. It is the final form of Gothita.
Solosis,577,"It evolves into Duosion starting at level 32, which evolves into Reuniclus starting at level 41."
Duosion,578,It evolves from Solosis starting at level 32 and evolves into Reuniclus starting at level 41.
Reuniclus,579,It evolves from Duosion starting at level 41. It is the final form of Solosis.
Ducklett,580,It evolves into Swanna starting at level 35.
Swanna,581,It evolves from Ducklett starting at level 35.
Vanillite,582,"It evolves into Vanillish at level 35, which evolves into Vanilluxe at level 47."
Vanillish,583,It evolves from Vanillite starting at level 35 and evolves into Vanilluxe starting at level 47.
Vanilluxe,584,It evolves from Vanillish starting at level 47. It is the final form of Vanillite.
Deerling,585,It evolves into Sawsbuck starting at level 34.
Sawsbuck,586,It evolves from Deerling starting at level 34.
Emolga,587,It is not known to evolve into or from any other Pokémon.
Karrablast,588,"It evolves into Escavalier when traded for a Shelmet, a Pokémon that evolves into Accelgor simultaneously. Neither evolves if at least one holds an Everstone during the trade."
Escavalier,589,"It evolves from Karrablast when traded for a Shelmet, a Pokémon that evolves into Accelgor simultaneously. Neither evolves if at least one holds an Everstone during the trade."
Foongus,590,It evolves into Amoonguss starting at level 39.
Amoonguss,591,It evolves from Foongus starting at level 39.
Frillish,592,It evolves into Jellicent starting at level 40.
Jellicent,593,It evolves from Frillish starting at level 40.
Alomomola,594,It is not known to evolve into or from any other Pokémon.
Joltik,595,It evolves into Galvantula starting at level 36.
Galvantula,596,It evolves from Joltik starting at level 36.
Ferroseed,597,It evolves into Ferrothorn starting at level 40.
Ferrothorn,598,It evolves from Ferroseed starting at level 40.
Klink,599,"It evolves into Klang starting at level 38, which evolves into Klinklang starting at level 49."
Klang,600,It evolves from Klink starting at level 38 and evolves into Klinklang starting at level 49.
Klinklang,601,It evolves from Klang starting at level 49. It is the final form of Klink.
Tynamo,602,"It evolves into Eelektrik starting at level 39, which evolves into Eelektross when exposed to a Thunder Stone."
Eelektrik,603,It evolves from Tynamo starting at level 39 and evolves into Eelektross when exposed to a Thunder Stone.
Eelektross,604,It evolves from Eelektrik when exposed to a Thunder Stone. It is the final form of Tynamo.
Elgyem,605,It evolves into Beheeyem starting at level 42.
Beheeyem,606,It evolves from Elgyem starting at level 42.
Litwick,607,"It evolves into Lampent starting at level 41, which evolves into Chandelure when exposed to a Dusk Stone."
Lampent,608,It evolves from Litwick starting at level 41 and evolves into Chandelure when exposed to a Dusk Stone.
Chandelure,609,It evolves from Lampent when exposed to a Dusk Stone. It is the final form of Litwick.
Axew,610,"It evolves into Fraxure starting at level 38, which evolves into Haxorus starting at level 48."
Fraxure,611,It evolves from Axew starting at level 38 and evolves into Haxorus starting at level 48.
Haxorus,612,It evolves from Fraxure starting at level 48. It is the final form of Axew.
Cubchoo,613,It evolves into Beartic starting at level 37.
Beartic,614,It evolves from Cubchoo starting at level 37.
Cryogonal,615,It is not known to evolve into or from any other Pokémon.
Shelmet,616,"It evolves into Accelgor when traded for a Karrablast, a Pokémon that evolves into Escavalier simultaneously. Neither evolves if at least one holds an Everstone during the trade."
Accelgor,617,"It evolves from Shelmet when traded for a Karrablast, a Pokémon that evolves into Escavalier simultaneously. Neither evolves if at least one holds an Everstone during the trade."
Stunfisk,618,It is not known to evolve into or from any other Pokémon.
Mienfoo,619,It evolves into Mienshao starting at level 50.
Mienshao,620,It evolves from Mienfoo starting at level 50.
Druddigon,621,It is not known to evolve into or from any other Pokémon.
Golett,622,It evolves into Golurk starting at level 43.
Golurk,623,It evolves from Golett starting at level 43.
Pawniard,624,It evolves into Bisharp starting at level 52.
Bisharp,625,It evolves from Pawniard starting at level 52.
Bouffalant,626,It is not known to evolve into or from any other Pokémon.
Rufflet,627,It evolves into Braviary starting at level 54.
Braviary,628,It evolves from Rufflet starting at level 54.
Vullaby,629,It evolves into Mandibuzz starting at level 54.
Mandibuzz,630,It evolves from Vullaby starting at level 54.
Heatmor,631,It is not known to evolve into or from any other Pokémon.
Durant,632,It is not known to evolve into or from any other Pokémon.
Deino,633,"It evolves into Zweilous starting at level 50, which evolves into Hydreigon starting at level 64."
Zweilous,634,It evolves from Deino starting at level 50 and evolves into Hydreigon starting at level 64.
Hydreigon,635,It evolves from Zweilous starting at level 64. It is the final form of Deino.
Larvesta,636,It evolves into Volcarona starting at level 59.
Volcarona,637,It evolves from Larvesta starting at level 59.
Cobalion,638,It is not known to evolve into or from any Pokémon.
Terrakion,639,It is not known to evolve into or from any Pokémon.
Virizion,640,It is not known to evolve into or from any Pokémon.
Tornadus,641,"While it is not known to evolve into or from any Pokémon, Tornadus has a second Forme activated by using the Reveal Glass. Its original Forme, Incarnate Forme, will then become Therian Forme."
Thundurus,642,"While it is not known to evolve into or from any Pokémon, Thundurus has a second Forme activated by using the Reveal Glass. Its original Forme, Incarnate Forme, will then become Therian Forme."
Reshiram,643,It is not known to evolve into or from any other Pokémon.
Zekrom,644,It is not known to evolve into or from any other Pokémon.
Landorus,645,"While it is not known to evolve into or from any Pokémon, Landorus has a second Forme activated by using the Reveal Glass. Its original Forme, Incarnate Forme, will then become Therian Forme."
Kyurem,646,"While it is not known to evolve into or from any Pokémon, Kyurem has two other forms, which are activated by using the DNA Splicers on it and either Reshiram or Zekrom, resulting in a process called Absofusion that removes Reshiram or Zekrom from the party until the fusion is undone. It will then become White Kyurem (with Reshiram) or Black Kyurem (with Zekrom)."
Keldeo,647,"While it is not known to evolve into or from any Pokémon, Keldeo has a second form from Pokémon Black 2 and White 2 onward, which requires it to know the move Secret Sword. Its original form, Ordinary Form, will then become Resolute Form."
Meloetta,648,"While it is not known to evolve into or from any Pokémon, Meloetta has a second Forme activated by using the move Relic Song in battle. Its original Forme, Aria Forme, will then become the Normal/Fighting-type Pirouette Forme."
Genesect,649,"While it is not known to evolve into or from any other Pokémon, Genesect has four other forms, which are activated by inserting the Drive in the cannon on its back. The Drive is visibly different within its sprites depending on the Drive it is holding."
Chespin,650,"It evolves into Quilladin starting at level 16, which evolves into Chesnaught starting at level 36."
Quilladin,651,It evolves from Chespin starting at level 16 and evolves into Chesnaught starting at level 36.
Chesnaught,652,It evolves from Quilladin starting at level 36. It is the final form of Chespin.
Fennekin,653,"It evolves into Braixen starting at level 16, which evolves into Delphox starting at level 36."
Braixen,654,It evolves from Fennekin starting at level 16 and evolves into Delphox starting at level 36.
Delphox,655,It evolves from Braixen starting at level 36. It is the final form of Fennekin.
Froakie,656,"It evolves into Frogadier starting at level 16, which evolves into Greninja starting at level 36."
Frogadier,657,It evolves from Froakie starting at level 16 and evolves into Greninja starting at level 36.
Greninja,658,It evolves from Frogadier starting at level 36. It is the final form of Froakie.
Bunnelby,659,It evolves into Diggersby starting at level 20.
Diggersby,660,It evolves from Bunnelby starting at level 20.
Fletchling,661,"It evolves into Fletchinder starting at level 17, which evolves into Talonflame starting at level 35."
Fletchinder,662,It evolves from Fletchling starting at level 17 and evolves into Talonflame starting at level 35.
Talonflame,663,It evolves from Fletchinder starting at level 35. It is the final form of Fletchling.
Scatterbug,664,"It evolves into Spewpa starting at level 9, which evolves into Vivillon starting at level 12."
Spewpa,665,It evolves from Scatterbug starting at level 9 and evolves into Vivillon starting at level 12.
Vivillon,666,It evolves from Spewpa starting at level 12. It is the final form of Scatterbug.
Litleo,667,It evolves into Pyroar starting at level 35.
Pyroar,668,It evolves from Litleo starting at level 35.
Flabebe,669,"It evolves into Floette starting at level 19, which evolves into Florges when exposed to a Shiny Stone. Its flower can come in five different colors."
Floette,670,It evolves from Flabébé starting at level 19 and evolves into Florges when exposed to a Shiny Stone. Its flower can come in five different colors.
Florges,671,It evolves from Floette when exposed to a Shiny Stone. It is the final form of Flabébé. Its flower can come in five different colors.
Skiddo,672,It evolves into Gogoat starting at level 32.
Gogoat,673,It evolves from Skiddo starting at level 32.
Pancham,674,It evolves into Pangoro starting at level 32 while the player has a Dark-type Pokémon in their party.
Pangoro,675,"It evolves from Pancham starting at level 32, if the player has a Dark-type Pokémon in their party."
Furfrou,676,"While it is not known to evolve into or from any other Pokémon, Furfrou can have its hair trimmed into nine different styles to change its appearance. The styles include the Star, Diamond, Heart, Pharaoh, Kabuki, La Reine, Matron, Dandy, and Debutante Trim. A trimmed Furfrou will revert into its Natural Form if five days have passed since it was trimmed without being deposited in the PC, or if it is deposited in (Generation VI) or withdrawn from (Generation VII) the PC."
Espurr,677,It evolves into Meowstic starting at level 25.
Meowstic,678,It evolves from Espurr starting at level 25.
Honedge,679,"It evolves into Doublade starting at level 35, which evolves into Aegislash when exposed to a Dusk Stone."
Doublade,680,It evolves from Honedge starting at level 35 and evolves into Aegislash when exposed to a Dusk Stone.
Aegislash,681,It evolves from Doublade when exposed to a Dusk Stone. It is the final form of Honedge.
Spritzee,682,It evolves into Aromatisse when traded while holding a Sachet.
Aromatisse,683,It evolves from Spritzee when traded while holding a Sachet.
Swirlix,684,It evolves into Slurpuff when traded while holding a Whipped Dream.
Slurpuff,685,It evolves from Swirlix when traded while holding a Whipped Dream.
Inkay,686,It evolves into Malamar starting at level 30 when leveled up while the game system is held upside-down.
Malamar,687,It evolves from Inkay starting at level 30 when leveled up while the game system is held upside-down.
Binacle,688,It evolves into Barbaracle starting at level 39.
Barbaracle,689,It evolves from Binacle starting at level 39.
Skrelp,690,It evolves into Dragalge starting at level 48.
Dragalge,691,It evolves from Skrelp starting at level 48.
Clauncher,692,It evolves into Clawitzer starting at level 37.
Clawitzer,693,It evolves from Clauncher starting at level 37.
Helioptile,694,It evolves into Heliolisk when exposed to a Sun Stone.
Heliolisk,695,It evolves from Helioptile when exposed to a Sun Stone.
Tyrunt,696,It is resurrected from a Jaw Fossil and evolves into Tyrantrum when leveled up during the day starting at level 39.
Tyrantrum,697,"It evolves from Tyrunt when leveled up during the day starting at level 39, after it is revived from a Jaw Fossil."
Amaura,698,It is resurrected from a Sail Fossil and evolves into Aurorus when leveled up at night starting at level 39.
Aurorus,699,"It evolves from Amaura when leveled up at night starting at level 39, after it is revived from a Sail Fossil."
Sylveon,700,"It evolves from Eevee when leveled up knowing a Fairy-type move and having either at least two levels of Affection (in Generations VI and VII) or high friendship (Sword and Shield and Legends: Arceus). It is one of Eevee's final forms, the others being Vaporeon, Jolteon, Flareon, Espeon, Umbreon, Leafeon, and Glaceon."
Hawlucha,701,It is not known to evolve into or from any other Pokémon.
Dedenne,702,It is not known to evolve into or from any other Pokémon.
Carbink,703,It is not known to evolve into or from any other Pokémon.
Goomy,704,"It evolves into Sliggoo starting at level 40, which evolves into Goodra starting at level 50 when leveled up during rain (or fog in Generation VII) in the overworld."
Sliggoo,705,"It evolves from Goomy starting at level 40 and evolves into Goodra starting at level 50 when leveled up during rain (or fog in Generation VII) in the overworld. Rain instigated by Rain Dance, Drizzle, or Primordial Sea will not trigger this evolution."
Goodra,706,"It evolves from Sliggoo starting at level 50 when leveled up during rain (or fog in Generation VII) in the overworld. Rain instigated by Rain Dance, Drizzle, or Primordial Sea will not trigger this evolution. It is the final form of Goomy."
Klefki,707,It is not known to evolve into or from any other Pokémon.
Phantump,708,It evolves into Trevenant when traded.
Trevenant,709,It evolves from Phantump when traded.
Pumpkaboo ,710,It evolves into Gourgeist when traded.
Gourgeist,711,It evolves from Pumpkaboo when traded.
Bergmite,712,It evolves into Avalugg starting at level 37.
Avalugg,713,It evolves from Bergmite starting at level 37.
Noibat,714,It evolves into Noivern starting at level 48.
Noivern,715,It evolves from Noibat starting at level 48.
Xerneas,716,It is not known to evolve into or from any other Pokémon.
Yveltal,717,It is not known to evolve into or from any other Pokémon.
Zygarde,718,"While it is not known to evolve into or from any other Pokémon, Zygarde has the following three Formes:"
Diancie,719,"While it is not known to evolve into or from any other Pokémon, Diancie can Mega Evolve into Mega Diancie using the Diancite."
Hoopa,720,"While it is not known to evolve into or from any other Pokémon, Hoopa has an alternate form, which it changes into by using the Prison Bottle. Its default form, Hoopa Confined, will then become the Psychic/Dark Hoopa Unbound. Hoopa Unbound in the party will revert into Hoopa Confined if three days have passed since changing to Hoopa Unbound. Other circumstances may also cause it to revert."
Volcanion,721,It is not known to evolve into or from any other Pokémon.
Rowlet,722,"It evolves into Dartrix starting at level 17, which evolves into Decidueye starting at either level 34 outside of Hisui, or level 36 in Hisui."
Dartrix,723,It evolves from Rowlet starting at level 17 and evolves into Decidueye starting at level 34.
Decidueye,724,It evolves from Dartrix starting at level 34. It is the final form of Rowlet.
Litten,725,"It evolves into Torracat starting at level 17, which evolves into Incineroar starting at level 34."
Torracat,726,It evolves from Litten starting at level 17 and evolves into Incineroar starting at level 34.
Incineroar,727,It evolves from Torracat starting at level 34. It is the final form of Litten.
Popplio,728,"It evolves into Brionne starting at level 17, which evolves into Primarina starting at level 34."
Brionne,729,It evolves from Popplio starting at level 17 and evolves into Primarina starting at level 34.
Primarina,730,It evolves from Brionne starting at level 34. It is the final form of Popplio.
Pikipek,731,"It evolves into Trumbeak starting at level 14, which evolves into Toucannon starting at level 28."
Trumbeak,732,It evolves from Pikipek starting at level 14 and evolves into Toucannon starting at level 28.
Toucannon,733,It evolves from Trumbeak starting at level 28. It is the final form of Pikipek.
Yungoos,734,It evolves into Gumshoos when leveled up in the day starting at level 20.
Gumshoos,735,It evolves from Yungoos when leveled up in the day starting at level 20.
Grubbin,736,"It evolves into Charjabug starting at level 20, which evolves into Vikavolt when leveled up in a special magnetic field (Generation VII) or when exposed to a Thunder Stone (Generation VIII)."
Charjabug,737,It evolves from Grubbin starting at level 20 and evolves into Vikavolt when leveled up in a special magnetic field (Generation VII) or when exposed to a Thunder Stone (Generation VIII).
Vikavolt,738,It evolves from Charjabug when leveled up in a special magnetic field (Generation VII) or when exposed to a Thunder Stone (Generation VIII). It is the final form of Grubbin.
Crabrawler,739,It evolves into Crabominable when leveled up at Mount Lanakila.
Crabominable,740,It evolves from Crabrawler when leveled up at Mount Lanakila.
Oricorio,741,"While it is not known to evolve into or from any other Pokémon, Oricorio can change forms by sipping the nectar of certain flowers."
Cutiefly,742,It evolves into Ribombee starting at level 25.
Ribombee,743,It evolves from Cutiefly starting at level 25.
Rockruff,744,It evolves into Lycanroc starting at level 25. The form it evolves into depends on the time.
Lycanroc,745,It evolves from Rockruff starting at level 25. The form it evolves into depends on the time.
Wishiwashi,746,"While it is not known to evolve into or from any other Pokémon, Wishiwashi can change forms with its Schooling Ability if it has reached level 20."
Mareanie,747,It evolves into Toxapex starting at level 38.
Toxapex,748,It evolves from Mareanie starting at level 38.
Mudbray,749,It evolves into Mudsdale starting at level 30.
Mudsdale,750,It evolves from Mudbray starting at level 30.
Dewpider,751,It evolves into Araquanid starting at level 22.
Araquanid,752,It evolves from Dewpider starting at level 22.
Fomantis,753,It evolves into Lurantis when leveled up in the day starting at level 34.
Lurantis,754,It evolves from Fomantis when leveled up in the day starting at level 34.
Morelull,755,It evolves into Shiinotic starting at level 24.
Shiinotic,756,It evolves from Morelull starting at level 24.
Salandit,757,Female Salandit evolve into Salazzle starting at level 33. Male Salandit are not known to evolve into or from any other Pokémon.
Salazzle,758,Female Salandit evolve into Salazzle starting at level 33. Male Salandit are not known to evolve into or from any other Pokémon.
Stufful,759,It evolves into Bewear starting at level 27.
Bewear,760,It evolves from Stufful starting at level 27.
Bounsweet,761,"It evolves into Steenee starting at level 18, which evolves into Tsareena when leveled up while knowing Stomp."
Steenee,762,It evolves from Bounsweet starting at level 18 and evolves into Tsareena when leveled up while knowing Stomp.
Tsareena,763,It evolves from Steenee when leveled up while knowing Stomp. It is the final form of Bounsweet.
Comfey,764,It is not known to evolve into or from any other Pokémon.
Oranguru,765,"It is not known to evolve into or from any other Pokémon, but it is considered to be a counterpart of Passimian."
Passimian,766,"It is not known to evolve into or from any other Pokémon, but it is considered to be a counterpart of Oranguru."
Wimpod,767,It evolves into Golisopod starting at level 30.
Golisopod,768,It evolves from Wimpod starting at level 30.
Sandygast,769,It evolves into Palossand starting at level 42.
Palossand,770,It evolves from Sandygast starting at level 42.
Pyukumuku,771,It is not known to evolve into or from any other Pokémon.
Type: Null,772,It evolves into Silvally when leveled up with high friendship.
Silvally,773,It evolves from Type: Null when leveled up with high friendship.
Minior,774,"While it is not known to evolve into or from any other Pokémon, Minior can change forms during battle, due to its Shields Down Ability, depending on its current HP."
Komala,775,It is not known to evolve into or from any other Pokémon.
Turtonator,776,It is not known to evolve into or from any other Pokémon.
Togedemaru,777,It is not known to evolve into or from any other Pokémon.
Mimikyu,778,"While it is not known to evolve into or from any other Pokémon, Mimikyu changes appearance when hit by an attack."
Bruxish,779,It is not known to evolve into or from any other Pokémon.
Drampa,780,It is not known to evolve into or from any other Pokémon.
Dhelmise,781,It is not known to evolve into or from any other Pokémon.
Jangmo-o,782,"It evolves into Hakamo-o starting at level 35, which evolves into Kommo-o starting at level 45."
Hakamo-o,783,It evolves from Jangmo-o starting at level 35 and evolves into Kommo-o starting at level 45.
Kommo-o,784,It evolves from Hakamo-o starting at level 45. It is the final form of Jangmo-o.
Tapu Koko,785,It is not known to evolve into or from any other Pokémon.
Tapu Lele,786,It is not known to evolve into or from any other Pokémon.
Tapu Bulu,787,It is not known to evolve into or from any other Pokémon.
Tapu Fini,788,It is not known to evolve into or from any other Pokémon.
Cosmog,789,"It evolves into Cosmoem starting at level 43, which evolves into either Solgaleo or Lunala starting at level 53 depending on the game it evolves in:"
Cosmoem,790,It evolves from Cosmog starting at level 43 and evolves into either Solgaleo or Lunala starting at level 53 depending on the game it evolves in.
Solgaleo,791,"It evolves from Cosmoem when leveled up in Pokémon Sun, Ultra Sun, or Sword starting at level 53. It is one of Cosmog's final forms, the other being Lunala."
Lunala,792,"It evolves from Cosmoem when leveled up in Pokémon Moon, Ultra Moon, or Shield starting at level 53. It is one of Cosmog's final forms, the other being Solgaleo."
Nihilego,793,It is not known to evolve into or from any other Pokémon.
Buzzwole,794,It is not known to evolve into or from any other Pokémon.
Pheromosa,795,It is not known to evolve into or from any other Pokémon.
Xurkitree,796,It is not known to evolve into or from any other Pokémon.
Celesteela,797,It is not known to evolve into or from any other Pokémon.
Kartana,798,It is not known to evolve into or from any other Pokémon.
Guzzlord,799,It is not known to evolve into or from any other Pokémon.
Necrozma,800,"While it is not known to evolve into or from any Pokémon, Necrozma has three other forms."
Magearna,801,"While it is not known to evolve into or from any other Pokémon, Magearna has a second form colored gold and red, known as Original Color Magearna that, while present in Pokémon Sun, Moon, Ultra Sun, and Ultra Moon, was not made available until the release of Generation VIII's Pokémon HOME."
Marshadow,802,It is not known to evolve into or from any other Pokémon.
Poipole,803,It evolves into Naganadel when leveled up while knowing Dragon Pulse.
Naganadel,804,It evolves from Poipole when leveled up while knowing Dragon Pulse.
Stakataka,805,It is not known to evolve into or from any other Pokémon.
Blacephalon,806,It is not known to evolve into or from any other Pokémon.
Zeraora,807,It is not known to evolve into or from any other Pokémon.
Meltan,808,"In Pokémon GO, it evolves into Melmetal by using 400 Meltan Candy. It cannot be evolved in other games."
Melmetal,809,"In Pokémon GO, it evolves from Meltan by using 400 Meltan Candy. Meltan cannot be evolved in other games."
Grookey,810,"It evolves into Thwackey starting at level 16, which evolves into Rillaboom starting at level 35."
Thwackey,811,It evolves from Grookey starting at level 16 and evolves into Rillaboom starting at level 35.
Rillaboom,812,It evolves from Thwackey starting at level 35. It is the final form of Grookey.
Scorbunny,813,"It evolves into Raboot starting at level 16, which evolves into Cinderace starting at level 35."
Raboot,814,It evolves from Scorbunny starting at level 16 and evolves into Cinderace starting at level 35.
Cinderace,815,It evolves from Raboot starting at level 35. It is the final form of Scorbunny.
Sobble,816,"It evolves into Drizzile starting at level 16, which evolves into Inteleon starting at level 35."
Drizzile,817,It evolves from Sobble starting at level 16 and evolves into Inteleon starting at level 35.
Inteleon,818,It evolves from Drizzile starting at level 35. It is the final form of Sobble.
Skwovet,819,It evolves into Greedent starting at level 24.
Greedent,820,It evolves from Skwovet starting at level 24.
Rookidee,821,"It evolves into Corvisquire starting at level 18, which evolves into Corviknight starting at level 38."
Corvisquire,822,It evolves from Rookidee starting at level 18 and evolves into Corviknight starting at level 38.
Corviknight,823,It evolves from Corvisquire starting at level 38. It is the final form of Rookidee.
Blipbug,824,"It evolves into Dottler starting at level 10, which evolves into Orbeetle starting at level 30."
Dottler,825,It evolves from Blipbug starting at level 10 and evolves into Orbeetle starting at level 30.
Orbeetle,826,It evolves from Dottler starting at level 30. It is the final form of Blipbug.
Nickit,827,It evolves into Thievul starting at level 18.
Thievul,828,It evolves from Nickit starting at level 18.
Gossifleur,829,It evolves into Eldegoss starting at level 20.
Eldegoss,830,It evolves from Gossifleur starting at level 20.
Wooloo,831,It evolves into Dubwool starting at level 24.
Dubwool,832,It evolves from Wooloo starting at level 24.
Chewtle,833,It evolves into Drednaw starting at level 22.
Drednaw,834,It evolves from Chewtle starting at level 22.
Yamper,835,It evolves into Boltund starting at level 25.
Boltund,836,It evolves from Yamper starting at level 25.
Rolycoly,837,"It evolves into Carkol starting at level 18, which evolves into Coalossal starting at level 34."
Carkol,838,It evolves from Rolycoly starting at level 18 and evolves into Coalossal starting at level 34.
Coalossal,839,It evolves from Carkol starting at level 34. It is the final form of Rolycoly.
Applin,840,It evolves into Flapple when exposed to a Tart Apple or Appletun when exposed to a Sweet Apple.
Flapple,841,"It evolves from Applin when exposed to a Tart Apple. It is one of Applin's final forms, the other being Appletun."
Appletun,842,"It evolves from Applin when exposed to a Sweet Apple. It is one of Applin's final forms, the other being Flapple."
Silicobra,843,It evolves into Sandaconda starting at level 36.
Sandaconda,844,It evolves from Silicobra starting at level 36.
Cramorant,845,"While it is not known to evolve into or from any other Pokémon, Cramorant can change forms with its Gulp Missile Ability."
Arrokuda,846,It evolves into Barraskewda starting at level 26.
Barraskewda,847,It evolves from Arrokuda starting at level 26.
Toxel,848,It evolves into Toxtricity starting at level 30. The form it evolves into depends on its Nature.
Toxtricity,849,It evolves from Toxel starting at level 30. The form it evolves into depends on its Nature.
Sizzlipede,850,It evolves into Centiskorch starting at level 28.
Centiskorch,851,It evolves from Sizzlipede starting at level 28.
Clobbopus,852,It evolves into Grapploct when leveled up while knowing Taunt.
Grapploct,853,It evolves from Clobbopus when leveled up while knowing Taunt.
Sinistea,854,It evolves into Polteageist when exposed to a Cracked Pot or a Chipped Pot. The item required depends on its form.
Polteageist,855,It evolves from Sinistea when exposed to a Cracked Pot or a Chipped Pot. The item required depends on its form.
Hatenna,856,"It evolves into Hattrem starting at level 32, which evolves into Hatterene starting at level 42."
Hattrem,857,It evolves from Hatenna starting at level 32 and evolves into Hatterene starting at level 42.
Hatterene,858,It evolves from Hattrem starting at level 42. It is the final form of Hatenna.
Impidimp,859,"It evolves into Morgrem starting at level 32, which evolves into Grimmsnarl starting at level 42."
Morgrem,860,It evolves from Impidimp starting at level 32 and evolves into Grimmsnarl starting at level 42.
Grimmsnarl,861,It evolves from Morgrem starting at level 42. It is the final form of Impidimp.
Obstagoon,862,It evolves from Galarian  Linoone when leveled up at night starting at level 35. It is the final form of Galarian Zigzagoon.
Perrserker,863,It evolves from Galarian  Meowth starting at level 28.
Cursola,864,It evolves from Galarian  Corsola starting at level 38.
Sirfetch'd,865,It evolves from Galarian  Farfetch'd after landing three critical hits in a single battle.
Not found,866,Double check website
Runerigus,867,"It evolves from Galarian  Yamask when the player travels under the stone bridge in Dusty Bowl after Yamask takes at least 49 HP in damage (even if healed) without fainting. Taking damage from certain sources, such as self inflicted Curse damage or weather effects, does not contribute to the 49 HP damage requirement."
Milcery,868,"It evolves into Alcremie while holding a Sweet when its Trainer spins and strikes a pose. The form it evolves into depends on time of day, the length of the spin, and whether the Trainer was spinning clockwise or counterclockwise. Its appearance is further determined by the type of Sweet that is held."
Alcremie,869,"It evolves from Milcery while holding a Sweet when its Trainer spins and strikes a pose. The form it takes upon evolving depends on the time of the day, the length of the spin, and whether the Trainer was spinning clockwise or counterclockwise. Its appearance is further determined by the type of Sweet that is held."
Falinks,870,It is not known to evolve into or from any other Pokémon.
Pincurchin,871,It is not known to evolve into or from any other Pokémon.
Snom,872,It evolves into Frosmoth when leveled up with high friendship at night.
Frosmoth,873,It evolves from Snom when leveled up with high friendship at night.
Stonjourner,874,It is not known to evolve into or from any other Pokémon.
Eiscue,875,"While it is not known to evolve into or from any other Pokémon, Eiscue can change forms with its Ice Face Ability."
Indeedee,876,It is not known to evolve into or from any other Pokémon.
Morpeko,877,"While it is not known to evolve into or from any other Pokémon, Morpeko can change forms with its Hunger Switch Ability."
Cufant,878,It evolves into Copperajah starting at level 34.
Copperajah,879,It evolves from Cufant starting at level 34.
Dracozolt,880,"It is resurrected from combining a Fossilized Bird and Fossilized Drake, and it is not known to evolve into or from any other Pokémon."
Arctozolt,881,"It is resurrected from combining a Fossilized Bird and Fossilized Dino, and it is not known to evolve into or from any other Pokémon."
Dracovish,882,"It is resurrected from combining a Fossilized Fish and Fossilized Drake, and it is not known to evolve into or from any other Pokémon."
Arctovish,883,"It is resurrected from combining a Fossilized Fish and Fossilized Dino, and it is not known to evolve into or from any other Pokémon."
Duraludon,884,"While it is not known to evolve into or from any other Pokémon, Duraludon has a Gigantamax form."
Dreepy,885,"It evolves into Drakloak starting at level 50, which evolves into Dragapult starting at level 60."
Drakloak,886,It evolves from Dreepy starting at level 50 and evolves into Dragapult starting at level 60.
Dragapult,887,It evolves from Drakloak starting at level 60. It is the final form of Dreepy.
Zacian,888,"While it is not known to evolve into or from any other Pokémon, Zacian has a second form activated by giving it a Rusted Sword to hold. Its original form, Hero of Many Battles, will then become the Fairy/Steel-type Crowned Sword."
Zamazenta,889,"While it is not known to evolve into or from any other Pokémon, Zamazenta has a second form activated by giving it a Rusted Shield to hold. Its original form, Hero of Many Battles, will then become the Fighting/Steel-type Crowned Shield."
Not found,890,Double check website
Kubfu,891,It evolves into Urshifu when shown the scroll in one of the Towers of Two Fists. The form it evolves into depends on the tower it is trained in.
Urshifu,892,It evolves from Kubfu when shown the scroll in one of the Towers of Two Fists.
Zarude,893,"While it is not known to evolve into or from any other Pokémon, Zarude has an alternate form called Dada."
Regieleki,894,It is not known to evolve into or from any other Pokémon.
Regidrago,895,It is not known to evolve into or from any other Pokémon.
Glastrier,896,It is not known to evolve into or from any other Pokémon.
Spectrier,897,It is not known to evolve into or from any other Pokémon.
Calyrex,898,"While it is not known to evolve into or from any Pokémon, Calyrex has two other forms, which are activated by using the Reins of Unity on it and either Glastrier or Spectrier, resulting in a process that removes Glastrier or Spectrier from the party until the fusion is undone. It will then become Ice Rider Calyrex (Psychic/Ice with Glastrier) or Shadow Rider Calyrex (Psychic/Ghost with Spectrier)."
Wyrdeer,899,It evolves from Stantler after using Psyshield Bash in agile style at least 20 times.
Kleavor,900,"It evolves from Scyther when exposed to a Black Augurite. It is one of Scyther's final forms, the other being Scizor."
Ursaluna,901,Evolve UrsaringCrimson Mirelands (Massive Mass Outbreak)
Basculegion,902,It evolves from White-Striped Basculin after losing at least 294 HP from recoil damage without fainting.
Not found,903,Double check website
Not found,904,Double check website
Enamorus,905,"While it is not known to evolve into or from any Pokémon, Enamorus has a second Forme activated by using the Reveal Glass. Its original Forme, Incarnate Forme, will then become Therian Forme."
